Age,Gender,Cold,Cough,Fever,BP,Diabetes,Thyroid,Arthritis,Acidity,Others,Expense
36,M,no,no,no,yes,yes,no,no,no,no,433
37,M,no,no,no,yes,yes,no,no,no,no,427
38,M,no,no,no,yes,yes,no,no,no,no,421
39,M,no,no,no,yes,yes,no,no,no,no,444
40,M,no,no,no,yes,yes,no,no,no,no,427
41,M,no,no,no,yes,yes,no,no,no,no,440
42,M,no,no,no,yes,yes,no,no,no,no,440
43,M,no,no,no,yes,yes,no,no,no,no,455
44,M,no,no,no,yes,yes,no,no,no,no,465
45,M,no,no,no,yes,yes,no,no,no,no,470
41,M,yes,yes,no,no,no,no,no,no,no,174
1,M,yes,yes,yes,no,no,no,no,no,no,179
1,M,yes,yes,yes,no,no,no,no,no,yes,550
1,M,no,no,no,no,no,no,no,no,yes,430
1,M,no,no,yes,no,no,no,no,no,no,73
1,M,no,yes,no,no,no,no,no,no,no,104
1,F,yes,no,no,no,no,no,no,no,no,67
1,F,yes,yes,no,no,no,no,no,no,no,164
1,F,yes,yes,yes,no,no,no,no,no,no,179
1,F,yes,yes,yes,no,no,no,no,no,yes,550
1,F,no,no,no,no,no,no,no,no,yes,430
2,M,yes,no,no,no,no,no,no,no,no,67
2,M,yes,yes,no,no,no,no,no,no,no,164
2,M,yes,yes,yes,no,no,no,no,no,no,179
2,M,yes,yes,yes,no,no,no,no,no,yes,550
2,M,no,no,no,no,no,no,no,no,yes,430
2,F,yes,no,no,no,no,no,no,no,no,67
2,F,yes,yes,no,no,no,no,no,no,no,164
2,F,yes,yes,yes,no,no,no,no,no,no,179
2,F,yes,yes,yes,no,no,no,no,no,yes,550
2,F,no,no,no,no,no,no,no,no,yes,430
3,M,yes,no,no,no,no,no,no,no,NA,67
3,M,yes,yes,no,no,no,no,no,no,no,164
3,M,yes,yes,yes,no,no,no,no,no,no,179
3,M,yes,yes,yes,no,no,no,no,no,yes,550
3,M,no,no,no,no,no,no,no,no,yes,430
3,M,no,no,yes,no,no,no,no,no,no,73
3,M,no,yes,no,no,no,no,no,no,no,104
31,F,no,no,yes,yes,yes,yes,no,no,yes,720
31,F,no,yes,yes,yes,yes,yes,no,yes,no,590
32,M,no,no,no,yes,yes,no,no,no,no,411
33,M,no,no,no,yes,yes,no,no,no,no,425
34,M,no,no,no,yes,yes,no,no,no,no,433
35,M,no,no,no,yes,yes,no,no,no,NA,434
3,F,yes,no,no,no,no,no,no,no,no,67
3,F,yes,yes,no,no,no,no,no,no,no,164
3,F,yes,yes,yes,no,no,no,no,no,no,179
3,F,yes,yes,yes,no,no,no,no,no,yes,550
3,F,no,no,no,no,no,no,no,no,yes,430
3,F,no,no,yes,no,no,no,no,no,no,73
3,F,no,yes,no,no,no,no,no,no,no,104
4,M,yes,no,no,no,no,no,no,no,no,67
4,M,yes,yes,no,no,no,no,no,no,no,164
4,M,yes,yes,yes,no,no,no,no,no,no,179
4,M,yes,yes,yes,no,no,no,no,no,yes,550
4,M,no,no,no,no,no,no,no,no,yes,430
4,M,no,no,yes,no,no,no,no,no,no,73
4,M,no,yes,no,no,no,no,no,no,no,104
4,F,yes,no,no,no,no,no,no,no,no,67
40,M,no,no,no,yes,yes,no,no,no,no,427
41,M,no,no,no,yes,yes,no,no,no,NA,440
42,M,no,no,no,yes,yes,no,no,no,no,440
43,M,no,no,no,yes,yes,no,no,no,no,455
44,M,no,no,no,yes,yes,no,no,no,no,465
45,M,no,no,no,yes,yes,no,no,no,no,470
41,M,yes,yes,no,no,no,no,no,no,no,174
41,M,yes,yes,yes,no,no,no,no,no,no,189
41,M,yes,yes,yes,no,no,no,no,no,yes,560
41,M,no,no,no,no,no,no,no,no,yes,440
4,F,yes,yes,no,no,no,no,no,no,no,164
4,F,yes,yes,yes,no,no,no,no,no,no,179
4,F,yes,yes,yes,no,no,no,no,no,yes,550
4,F,no,no,no,no,no,no,no,no,yes,430
4,F,no,no,yes,no,no,no,no,no,no,73
4,F,no,yes,no,no,no,no,no,no,no,104
5,M,yes,no,no,no,no,no,no,no,no,67
5,M,yes,yes,no,no,no,no,no,no,no,164
5,M,yes,yes,yes,no,no,no,no,no,no,179
5,M,yes,yes,yes,no,no,no,no,no,yes,550
5,M,no,no,no,no,no,no,no,no,yes,430
5,M,no,no,yes,no,no,no,no,no,no,73
5,M,no,yes,no,no,no,no,no,no,no,104
5,F,yes,no,no,no,no,no,no,no,no,67
5,F,yes,yes,no,no,no,no,no,no,no,164
5,F,yes,yes,yes,no,no,no,no,no,no,179
5,F,yes,yes,yes,no,no,no,no,no,yes,550
5,F,no,no,no,no,no,no,no,no,yes,430
5,F,no,no,yes,no,no,no,no,no,no,73
5,F,no,yes,no,no,no,no,no,no,no,104
6,M,yes,no,no,no,no,no,no,no,NA,67
6,M,yes,yes,no,no,no,no,no,no,no,164
6,M,yes,yes,yes,no,no,no,no,no,no,179
6,M,yes,yes,yes,no,no,no,no,no,yes,305
6,M,no,no,no,no,no,no,no,no,yes,430
6,M,no,no,yes,no,no,no,no,no,no,73
6,M,no,yes,no,no,no,no,no,no,no,104
6,F,yes,no,no,no,no,no,no,no,no,67
6,F,yes,yes,no,no,no,no,no,no,no,164
6,F,yes,yes,yes,no,no,no,no,no,no,179
6,F,yes,yes,yes,no,no,no,no,no,yes,350
6,F,no,no,no,no,no,no,no,no,yes,430
6,F,no,no,yes,no,no,no,no,no,no,73
6,F,no,yes,no,no,no,no,no,no,no,104
7,M,yes,no,no,no,no,no,no,no,no,67
7,M,yes,yes,no,no,no,no,no,no,no,164
7,M,yes,yes,yes,no,no,no,no,no,no,179
7,M,yes,yes,yes,no,no,no,no,no,yes,250
7,M,no,no,no,no,no,no,no,no,yes,430
55,M,no,no,no,yes,yes,no,no,no,no,450
56,M,no,no,no,yes,yes,no,no,no,no,450
57,M,no,no,no,yes,yes,no,no,no,no,450
58,M,no,no,no,yes,yes,no,no,no,no,450
59,M,no,no,no,yes,yes,no,no,no,no,450
60,M,no,no,no,yes,yes,no,no,no,no,450
61,M,no,no,no,yes,yes,no,no,no,no,450
62,M,no,no,no,yes,yes,no,no,no,no,920
63,M,no,no,no,yes,yes,no,no,no,no,450
64,M,no,no,no,yes,yes,no,no,no,NA,550
65,M,no,no,no,yes,yes,no,no,no,no,551
7,M,no,no,yes,no,no,no,no,no,no,73
7,M,no,yes,no,no,no,no,no,no,no,104
7,F,yes,no,no,no,no,no,no,no,no,67
7,F,yes,yes,no,no,no,no,no,no,no,164
7,F,yes,yes,yes,no,no,no,no,no,no,179
7,F,yes,yes,yes,no,no,no,no,no,yes,550
7,F,no,no,no,no,no,no,no,no,yes,430
7,F,no,no,yes,no,no,no,no,no,no,73
7,F,no,yes,no,no,no,no,no,no,no,104
8,M,yes,no,no,no,no,no,no,no,no,67
8,M,yes,yes,no,no,no,no,no,no,no,164
8,M,yes,yes,yes,no,no,no,no,no,no,179
8,M,yes,yes,yes,no,no,no,no,no,yes,550
8,M,no,no,no,no,no,no,no,no,yes,430
8,M,no,no,yes,no,no,no,no,no,no,73
8,M,no,yes,no,no,no,no,no,no,no,104
8,F,yes,no,no,no,no,no,no,no,no,67
8,F,yes,yes,no,no,no,no,no,no,no,164
8,F,yes,yes,yes,no,no,no,no,no,no,179
8,F,yes,yes,yes,no,no,no,no,no,yes,550
8,F,no,no,no,no,no,no,no,no,yes,430
8,F,no,no,yes,no,no,no,no,no,no,73
8,F,no,yes,no,no,no,no,no,no,no,104
9,M,yes,no,no,no,no,no,no,no,no,67
9,M,yes,yes,no,no,no,no,no,no,no,164
9,M,yes,yes,yes,no,no,no,no,no,no,179
9,M,yes,yes,yes,no,no,no,no,no,yes,550
9,M,no,no,no,no,no,no,no,no,yes,430
9,M,no,no,yes,no,no,no,no,no,no,73
9,M,no,yes,no,no,no,no,no,no,no,104
9,F,yes,no,no,no,no,no,no,no,NA,67
9,F,yes,yes,no,no,no,no,no,no,no,164
9,F,yes,yes,yes,no,no,no,no,no,no,179
9,F,yes,yes,yes,no,no,no,no,no,yes,550
9,F,no,no,no,no,no,no,no,no,yes,430
9,F,no,no,yes,no,no,no,no,no,no,73
9,F,no,yes,no,no,no,no,no,no,no,104
10,M,yes,no,no,no,no,no,no,no,no,67
10,M,yes,yes,no,no,no,no,no,no,no,164
10,M,yes,yes,yes,no,no,no,no,no,no,179
10,M,yes,yes,yes,no,no,no,no,no,yes,250
10,M,no,no,no,no,no,no,no,no,yes,430
10,M,no,no,yes,no,no,no,no,no,no,73
10,M,no,yes,no,no,no,no,no,no,no,104
10,F,yes,no,no,no,no,no,no,no,no,67
10,F,yes,yes,no,no,no,no,no,no,no,164
10,F,yes,yes,yes,no,no,no,no,no,no,179
10,F,yes,yes,yes,no,no,no,no,no,yes,150
10,F,no,no,no,no,no,no,no,no,yes,430
10,F,no,no,yes,no,no,no,no,no,NA,73
10,F,no,yes,no,no,no,no,no,no,no,104
11,M,yes,no,no,no,no,no,no,no,no,67
12,M,yes,yes,no,no,no,no,no,no,no,164
13,M,yes,yes,yes,no,no,no,no,no,no,179
14,M,yes,yes,yes,no,no,no,no,no,yes,250
15,M,no,no,no,no,no,no,no,no,yes,430
16,M,no,no,yes,no,no,no,no,no,no,73
17,M,no,yes,no,no,no,no,no,no,no,104
18,F,yes,no,no,no,no,no,no,no,NA,67
19,F,yes,yes,no,no,no,no,no,no,no,164
20,F,yes,yes,yes,no,no,no,no,no,no,179
21,F,yes,yes,yes,no,no,no,no,no,yes,150
22,F,no,no,no,no,no,no,no,no,yes,430
23,F,no,no,yes,no,no,no,no,no,no,73
24,F,no,yes,no,no,no,no,no,no,no,104
11,M,yes,no,no,no,no,no,no,no,no,67
12,M,yes,yes,no,no,no,no,no,no,no,164
13,M,yes,yes,yes,no,no,no,no,no,no,179
14,M,yes,yes,yes,no,no,no,no,no,yes,250
15,M,no,no,no,no,no,no,no,no,yes,150
16,M,no,no,yes,no,no,no,no,no,no,73
17,M,no,yes,no,no,no,no,no,no,no,104
18,F,yes,no,no,no,no,no,no,no,no,67
19,F,yes,yes,no,no,no,no,no,no,no,164
20,F,yes,yes,yes,no,no,no,no,no,no,179
21,F,yes,yes,yes,no,no,no,no,no,yes,150
22,F,no,no,no,no,no,no,no,no,yes,220
23,F,no,no,yes,no,no,no,no,no,no,73
24,F,no,yes,no,no,no,no,no,no,no,104
25,M,yes,yes,yes,no,no,no,no,no,yes,250
26,M,no,no,no,no,no,no,no,no,yes,150
27,M,no,no,yes,no,no,no,no,no,no,73
28,M,no,yes,no,no,no,no,no,no,no,104
29,F,yes,no,no,no,no,no,no,no,no,67
30,F,yes,yes,no,no,no,no,no,no,no,164
31,F,yes,yes,yes,no,no,no,no,no,no,179
32,F,yes,yes,yes,no,no,no,no,no,yes,150
31,M,yes,no,no,no,no,no,no,no,no,67
31,M,yes,yes,no,no,no,no,no,no,no,164
31,M,yes,yes,yes,no,no,no,no,no,no,179
31,M,yes,yes,yes,no,no,no,no,no,yes,550
31,M,no,no,no,no,no,no,no,no,yes,430
31,M,no,no,yes,no,no,no,no,no,no,73
31,M,no,yes,no,no,no,no,no,no,no,104
31,M,no,no,no,no,no,no,no,no,yes,125
31,M,no,no,no,no,no,no,no,yes,no,88
31,M,no,no,no,no,no,no,yes,no,no,220
31,M,no,no,no,no,no,yes,no,no,no,200
31,M,no,no,no,no,yes,no,no,no,no,501
31,M,no,no,no,yes,no,no,no,no,no,51
31,M,no,no,yes,no,no,no,no,no,no,75
31,M,no,yes,no,no,no,no,no,no,no,100
31,M,no,no,no,no,no,no,no,no,yes,125
31,M,no,no,no,no,no,no,no,yes,yes,300
31,M,no,no,no,no,no,no,yes,yes,yes,380
31,M,no,no,no,no,no,yes,yes,yes,yes,450
31,M,no,no,no,no,yes,yes,yes,yes,yes,650
31,M,no,no,no,yes,yes,yes,yes,yes,yes,670
31,M,no,no,yes,yes,yes,yes,yes,yes,yes,720
31,M,no,yes,yes,yes,yes,yes,yes,yes,yes,750
31,M,no,no,no,yes,yes,no,no,no,no,550
31,M,no,no,no,yes,yes,yes,no,no,yes,570
31,M,no,no,yes,yes,yes,yes,no,no,yes,720
31,M,no,yes,yes,yes,yes,yes,no,yes,no,590
32,F,yes,no,no,no,no,no,no,no,no,67
31,F,yes,yes,no,no,no,no,no,no,no,164
31,F,yes,yes,yes,no,no,no,no,no,no,179
31,F,yes,yes,yes,no,no,no,no,no,yes,550
31,F,no,no,no,no,no,no,no,no,yes,430
31,F,no,no,yes,no,no,no,no,no,no,73
31,F,no,yes,no,no,no,no,no,no,no,104
31,F,no,no,no,no,no,no,no,no,yes,125
31,F,no,no,no,no,no,no,no,yes,no,88
31,F,no,no,no,no,no,no,yes,no,no,220
31,F,no,no,no,no,no,yes,no,no,no,200
31,F,no,no,no,no,yes,no,no,no,no,501
31,F,no,no,no,yes,no,no,no,no,no,51
31,F,no,no,yes,no,no,no,no,no,no,75
31,F,no,yes,no,no,no,no,no,no,no,100
31,F,no,no,no,no,no,no,no,no,yes,125
31,F,no,no,no,no,no,no,no,yes,yes,300
31,F,no,no,no,no,no,no,yes,yes,yes,380
31,F,no,no,no,no,no,yes,yes,yes,yes,450
31,F,no,no,no,no,yes,yes,yes,yes,yes,650
31,F,no,no,no,yes,yes,yes,yes,yes,yes,670
31,F,no,no,yes,yes,yes,yes,yes,yes,yes,720
31,F,no,yes,yes,yes,yes,yes,yes,yes,yes,750
31,F,no,no,no,yes,yes,no,no,no,no,550
31,F,no,no,no,yes,yes,yes,no,no,yes,570
31,F,no,no,yes,yes,yes,yes,no,no,yes,720
31,F,no,yes,yes,yes,yes,yes,no,yes,no,590
32,M,no,no,no,yes,yes,no,no,no,no,411
33,M,no,no,no,yes,yes,no,no,no,no,425
34,M,no,no,no,yes,yes,no,no,no,no,433
35,M,no,no,no,yes,yes,no,no,no,no,422
36,M,no,no,no,yes,yes,no,no,no,no,433
37,M,no,no,no,yes,yes,no,no,no,no,427
38,M,no,no,no,yes,yes,no,no,no,no,421
39,M,no,no,no,yes,yes,no,no,no,no,444
40,M,no,no,no,yes,yes,no,no,no,no,427
41,M,no,no,no,yes,yes,no,no,no,no,440
42,M,no,no,no,yes,yes,no,no,no,no,440
43,M,no,no,no,yes,yes,no,no,no,no,455
44,M,no,no,no,yes,yes,no,no,no,no,465
45,M,no,no,no,yes,yes,no,no,no,no,470
41,M,yes,yes,no,no,no,no,no,no,no,174
41,M,yes,yes,yes,no,no,no,no,no,no,189
41,M,yes,yes,yes,no,no,no,no,no,yes,560
41,M,no,no,no,no,no,no,no,no,yes,440
41,M,no,no,yes,no,no,no,no,no,no,83
41,M,no,yes,no,no,no,no,no,no,no,114
41,M,no,no,no,no,no,no,no,no,yes,135
41,M,no,no,no,no,no,no,no,yes,no,98
41,M,no,no,no,no,no,no,yes,no,no,230
41,M,no,no,no,no,no,yes,no,no,no,210
41,M,no,no,no,no,yes,no,no,no,no,511
41,M,no,no,no,yes,no,no,no,no,no,61
41,M,no,no,yes,no,no,no,no,no,no,85
41,M,no,yes,no,no,no,no,no,no,no,110
41,M,no,no,no,no,no,no,no,no,yes,135
41,M,no,no,no,no,no,no,no,yes,yes,310
41,M,no,no,no,no,no,no,yes,yes,yes,390
41,M,no,no,no,no,no,yes,yes,yes,yes,460
41,M,no,no,no,no,yes,yes,yes,yes,yes,660
41,M,no,no,no,yes,yes,yes,yes,yes,yes,680
41,M,no,no,yes,yes,yes,yes,yes,yes,yes,730
41,M,no,yes,yes,yes,yes,yes,yes,yes,yes,760
41,M,no,no,no,yes,yes,no,no,no,no,560
41,M,no,no,no,yes,yes,yes,no,no,yes,580
41,M,no,no,yes,yes,yes,yes,no,no,yes,730
41,M,no,yes,yes,yes,yes,yes,no,yes,no,660
41,F,yes,yes,no,no,no,no,no,no,no,184
41,F,yes,yes,yes,no,no,no,no,no,no,199
41,F,yes,yes,yes,no,no,no,no,no,yes,570
41,F,no,no,no,no,no,no,no,no,yes,450
41,F,no,no,yes,no,no,no,no,no,no,93
41,F,no,yes,no,no,no,no,no,no,no,124
41,F,no,no,no,no,no,no,no,no,yes,145
41,F,no,no,no,no,no,no,no,yes,no,108
41,F,no,no,no,no,no,no,yes,no,no,240
41,F,no,no,no,no,no,yes,no,no,no,220
41,F,no,no,no,no,yes,no,no,no,no,521
41,F,no,no,no,yes,no,no,no,no,no,71
41,F,no,no,yes,no,no,no,no,no,no,95
41,F,no,yes,no,no,no,no,no,no,no,120
41,F,no,no,no,no,no,no,no,no,yes,145
41,F,no,no,no,no,no,no,no,yes,yes,320
41,F,no,no,no,no,no,no,yes,yes,yes,400
41,F,no,no,no,no,no,yes,yes,yes,yes,470
41,F,no,no,no,no,yes,yes,yes,yes,yes,670
41,F,no,no,no,yes,yes,yes,yes,yes,yes,690
41,F,no,no,yes,yes,yes,yes,yes,yes,yes,740
41,F,no,yes,yes,yes,yes,yes,yes,yes,yes,770
41,F,no,no,no,yes,yes,no,no,no,no,570
41,F,no,no,no,yes,yes,yes,no,no,yes,590
41,F,no,no,yes,yes,yes,yes,no,no,yes,740
41,F,no,yes,yes,yes,yes,yes,no,yes,no,670
51,M,yes,yes,no,no,no,no,no,no,no,184
51,M,yes,yes,yes,no,no,no,no,no,no,199
51,M,yes,yes,yes,no,no,no,no,no,yes,570
51,M,no,no,no,no,no,no,no,no,yes,450
51,M,no,no,yes,no,no,no,no,no,no,93
51,M,no,yes,no,no,no,no,no,no,no,124
51,M,no,no,no,no,no,no,no,no,yes,145
51,M,no,no,no,no,no,no,no,yes,no,108
51,M,no,no,no,no,no,no,yes,no,no,240
51,M,no,no,no,no,no,yes,no,no,no,220
51,M,no,no,no,no,yes,no,no,no,no,521
51,M,no,no,no,yes,no,no,no,no,no,71
51,M,no,no,yes,no,no,no,no,no,no,95
51,M,no,yes,no,no,no,no,no,no,no,120
51,M,no,no,no,no,no,no,no,no,yes,145
51,M,no,no,no,no,no,no,no,yes,yes,320
51,M,no,no,no,no,no,no,yes,yes,yes,400
51,M,no,no,no,no,no,yes,yes,yes,yes,470
51,M,no,no,no,no,yes,yes,yes,yes,yes,670
51,M,no,no,no,yes,yes,yes,yes,yes,yes,690
51,M,no,no,yes,yes,yes,yes,yes,yes,yes,740
51,M,no,yes,yes,yes,yes,yes,yes,yes,yes,770
51,M,no,no,no,yes,yes,no,no,no,no,570
51,M,no,no,no,yes,yes,yes,no,no,yes,590
51,M,no,no,yes,yes,yes,yes,no,no,yes,740
51,M,no,yes,yes,yes,yes,yes,no,yes,no,670
51,F,yes,yes,no,no,no,no,no,no,no,184
51,F,yes,yes,yes,no,no,no,no,no,no,199
51,F,yes,yes,yes,no,no,no,no,no,yes,570
51,F,no,no,no,no,no,no,no,no,yes,450
51,F,no,no,yes,no,no,no,no,no,no,93
51,F,no,yes,no,no,no,no,no,no,no,124
51,F,no,no,no,no,no,no,no,no,yes,145
51,F,no,no,no,no,no,no,no,yes,no,108
51,F,no,no,no,no,no,no,yes,no,no,240
51,F,no,no,no,no,no,yes,no,no,no,220
51,F,no,no,no,no,yes,no,no,no,no,521
51,F,no,no,no,yes,no,no,no,no,no,71
51,F,no,no,yes,no,no,no,no,no,no,95
51,F,no,yes,no,no,no,no,no,no,no,120
51,F,no,no,no,no,no,no,no,no,yes,145
51,F,no,no,no,no,no,no,no,yes,yes,320
51,F,no,no,no,no,no,no,yes,yes,yes,400
51,F,no,no,no,no,no,yes,yes,yes,yes,470
51,F,no,no,no,no,yes,yes,yes,yes,yes,670
51,F,no,no,no,yes,yes,yes,yes,yes,yes,690
51,F,no,no,yes,yes,yes,yes,yes,yes,yes,740
51,F,no,yes,yes,yes,yes,yes,yes,yes,yes,770
51,F,no,no,no,yes,yes,no,no,no,no,570
51,F,no,no,no,yes,yes,yes,no,no,yes,590
51,F,no,no,yes,yes,yes,yes,no,no,yes,740
51,F,no,yes,yes,yes,yes,yes,no,yes,no,670
61,M,yes,yes,no,no,no,no,no,no,no,184
61,M,yes,yes,yes,no,no,no,no,no,no,199
61,M,yes,yes,yes,no,no,no,no,no,yes,570
61,M,no,no,no,no,no,no,no,no,yes,450
61,M,no,no,yes,no,no,no,no,no,no,93
61,M,no,yes,no,no,no,no,no,no,no,124
61,M,no,no,no,no,no,no,no,no,yes,145
61,M,no,no,no,no,no,no,no,yes,no,108
61,M,no,no,no,no,no,no,yes,no,no,240
61,M,no,no,no,no,no,yes,no,no,no,220
61,M,no,no,no,no,yes,no,no,no,no,521
61,M,no,no,no,yes,no,no,no,no,no,71
61,M,no,no,yes,no,no,no,no,no,no,95
61,M,no,yes,no,no,no,no,no,no,no,120
61,M,no,no,no,no,no,no,no,no,yes,145
61,M,no,no,no,no,no,no,no,yes,yes,320
61,M,no,no,no,no,no,no,yes,yes,yes,400
61,M,no,no,no,no,no,yes,yes,yes,yes,470
61,M,no,no,no,no,yes,yes,yes,yes,yes,670
61,M,no,no,no,yes,yes,yes,yes,yes,yes,690
61,M,no,no,yes,yes,yes,yes,yes,yes,yes,740
61,M,no,yes,yes,yes,yes,yes,yes,yes,yes,770
61,M,no,no,no,yes,yes,no,no,no,no,570
61,M,no,no,no,yes,yes,yes,no,no,yes,590
61,M,no,no,yes,yes,yes,yes,no,no,yes,740
61,M,no,yes,yes,yes,yes,yes,no,yes,no,670
61,F,yes,yes,no,no,no,no,no,no,no,184
61,F,yes,yes,yes,no,no,no,no,no,no,199
61,F,yes,yes,yes,no,no,no,no,no,yes,570
61,F,no,no,no,no,no,no,no,no,yes,450
61,F,no,no,yes,no,no,no,no,no,no,93
61,F,no,yes,no,no,no,no,no,no,no,124
61,F,no,no,no,no,no,no,no,no,yes,145
61,F,no,no,no,no,no,no,no,yes,no,108
61,F,no,no,no,no,no,no,yes,no,no,240
61,F,no,no,no,no,no,yes,no,no,no,220
61,F,no,no,no,no,yes,no,no,no,no,521
61,F,no,no,no,yes,no,no,no,no,no,71
61,F,no,no,yes,no,no,no,no,no,no,95
61,F,no,yes,no,no,no,no,no,no,no,120
61,F,no,no,no,no,no,no,no,no,yes,145
61,F,no,no,no,no,no,no,no,yes,yes,320
61,F,no,no,no,no,no,no,yes,yes,yes,400
61,F,no,no,no,no,no,yes,yes,yes,yes,470
61,F,no,no,no,no,yes,yes,yes,yes,yes,670
61,F,no,no,no,yes,yes,yes,yes,yes,yes,690
61,F,no,no,yes,yes,yes,yes,yes,yes,yes,740
61,F,no,yes,yes,yes,yes,yes,yes,yes,yes,770
61,F,no,no,no,yes,yes,no,no,no,no,570
61,F,no,no,no,yes,yes,yes,no,no,yes,590
61,F,no,no,yes,yes,yes,yes,no,no,yes,740
61,F,no,yes,yes,yes,yes,yes,no,yes,no,670
71,M,yes,yes,no,no,no,no,no,no,no,184
71,M,yes,yes,yes,no,no,no,no,no,no,199
71,M,yes,yes,yes,no,no,no,no,no,yes,570
71,M,no,no,no,NA,no,no,no,no,yes,450
71,M,no,no,yes,no,no,no,no,no,no,93
71,M,no,yes,no,no,no,no,no,no,no,124
71,M,no,no,no,no,no,no,no,no,yes,445
71,M,no,no,NA,no,no,no,no,yes,no,108
71,M,no,no,no,no,no,no,yes,no,no,240
71,M,no,no,no,no,no,yes,no,no,no,220
71,M,no,no,no,no,yes,no,no,no,no,521
71,M,no,no,no,yes,no,no,no,no,no,71
71,M,no,no,yes,no,no,no,no,no,no,95
71,M,no,yes,no,no,no,no,no,no,no,120
71,M,no,no,no,no,no,no,no,no,yes,145
71,M,no,no,no,no,no,no,no,yes,yes,320
71,M,no,NA,no,no,no,no,yes,yes,yes,400
71,M,no,no,no,no,no,yes,yes,yes,yes,470
71,M,no,no,no,no,yes,yes,yes,yes,yes,670
71,M,no,no,no,yes,yes,yes,yes,yes,yes,690
71,M,no,no,yes,yes,yes,yes,yes,yes,yes,740
71,M,no,yes,yes,yes,yes,yes,yes,yes,yes,1450
71,M,no,no,no,yes,yes,no,no,no,no,570
71,M,no,no,no,yes,yes,yes,no,no,yes,590
71,M,no,no,yes,yes,yes,yes,no,no,yes,740
71,M,no,yes,yes,yes,yes,yes,no,yes,no,670
71,F,yes,yes,no,no,no,no,no,no,no,184
71,F,yes,yes,yes,no,no,no,no,no,no,199
71,F,yes,yes,yes,no,no,no,no,no,yes,570
71,F,no,no,no,no,no,no,no,no,yes,450
71,F,no,no,yes,no,no,no,no,no,no,93
71,F,no,yes,no,no,no,no,no,no,no,124
71,F,no,no,no,no,no,no,no,no,yes,447
71,F,NA,no,no,no,no,no,no,yes,no,108
71,F,no,no,no,no,no,no,yes,no,no,240
71,F,no,no,no,no,no,yes,no,no,no,220
71,F,no,no,no,no,yes,no,no,no,no,521
71,F,no,no,no,yes,no,no,no,no,no,71
71,F,no,no,yes,no,no,no,no,no,no,95
71,F,no,yes,no,no,no,no,no,no,no,120
71,F,no,no,no,no,no,no,no,no,yes,145
71,F,no,no,no,no,no,no,no,yes,yes,320
71,F,no,no,NA,no,no,no,yes,yes,yes,400
71,F,no,no,no,no,no,yes,yes,yes,yes,470
71,F,no,no,no,no,yes,yes,yes,yes,yes,670
71,F,no,no,no,yes,yes,yes,yes,yes,yes,690
71,F,no,no,yes,yes,yes,yes,yes,yes,yes,740
71,F,no,yes,yes,yes,yes,yes,yes,yes,yes,770
71,F,no,no,no,yes,yes,no,no,no,no,570
71,F,no,no,no,yes,yes,yes,no,no,yes,590
71,F,no,no,yes,yes,yes,yes,no,no,yes,740
71,F,no,yes,yes,yes,yes,yes,no,yes,no,670
81,M,yes,yes,no,no,no,no,no,no,no,184
81,M,yes,yes,yes,no,no,no,no,no,no,199
81,M,yes,yes,yes,no,no,no,no,no,yes,570
81,M,no,no,no,no,no,no,no,no,yes,450
81,M,no,no,yes,no,no,no,no,no,no,93
81,M,no,yes,no,no,no,no,no,no,no,124
81,M,no,no,no,no,no,no,no,no,yes,145
81,M,no,no,no,no,no,no,no,yes,no,108
81,M,no,no,no,no,no,no,yes,no,no,240
81,M,NA,no,no,no,no,yes,no,no,no,220
81,M,no,no,no,no,yes,no,no,no,no,521
81,M,no,no,no,yes,no,no,no,no,no,71
81,M,no,no,yes,no,no,no,no,no,no,95
81,M,no,yes,no,no,no,no,no,no,no,120
81,M,no,no,no,no,no,no,no,no,yes,145
81,M,no,no,no,no,no,no,no,yes,yes,320
81,M,no,no,no,no,no,no,yes,yes,yes,400
81,M,no,no,no,no,no,yes,yes,yes,yes,470
81,M,no,no,no,no,yes,yes,yes,yes,yes,670
81,M,no,no,no,yes,yes,yes,yes,yes,yes,690
81,M,no,no,yes,yes,yes,yes,yes,yes,yes,740
81,M,no,yes,yes,yes,yes,yes,yes,yes,yes,1700
81,M,no,no,no,yes,yes,no,no,no,no,570
81,M,no,no,no,yes,yes,yes,no,no,yes,590
81,M,no,no,yes,yes,yes,yes,no,no,yes,740
81,M,no,yes,yes,yes,yes,yes,no,yes,no,670
81,F,yes,yes,no,no,no,no,no,no,no,184
81,F,yes,yes,yes,no,no,no,no,no,no,199
81,F,yes,yes,yes,no,no,no,no,no,yes,570
81,F,no,no,no,no,no,no,no,no,yes,450
81,F,no,no,yes,no,no,no,no,no,no,93
81,F,no,yes,no,no,no,no,no,no,no,124
81,F,no,no,no,no,no,no,no,no,yes,145
81,F,no,no,no,no,no,no,no,yes,no,108
81,F,no,no,no,no,no,no,yes,no,no,240
81,F,NA,no,no,no,no,yes,no,no,no,220
81,F,no,no,no,no,yes,no,no,no,no,521
81,F,no,no,no,yes,no,no,no,no,no,71
81,F,no,no,yes,no,no,no,no,no,no,95
81,F,no,yes,no,no,no,no,no,no,no,120
81,F,no,no,no,no,no,no,no,no,yes,145
81,F,no,no,no,no,no,no,no,yes,yes,320
81,F,no,no,no,no,no,no,yes,yes,yes,400
81,F,no,no,no,no,no,yes,yes,yes,yes,470
81,F,no,no,no,no,yes,yes,yes,yes,yes,670
81,F,no,no,no,yes,yes,yes,yes,yes,yes,690
81,F,no,no,yes,yes,yes,yes,yes,yes,yes,740
81,F,no,yes,yes,yes,yes,yes,yes,yes,yes,770
81,F,no,no,no,yes,yes,no,no,no,no,570
81,F,no,no,no,yes,yes,yes,no,no,yes,590
81,F,no,no,yes,yes,yes,yes,no,no,yes,740
81,F,no,yes,yes,yes,yes,yes,no,yes,no,670
91,M,yes,yes,no,no,no,no,no,no,no,184
91,M,yes,yes,yes,no,no,no,no,no,no,199
91,M,yes,yes,yes,no,no,no,no,no,yes,570
91,M,no,no,no,no,no,no,no,no,yes,450
91,M,no,no,yes,no,no,no,no,no,no,93
91,M,no,yes,no,no,no,no,no,no,no,124
91,M,no,no,no,no,no,no,no,no,yes,145
91,M,no,no,no,no,no,no,no,yes,no,108
91,M,no,no,no,no,no,no,yes,no,no,240
91,M,no,no,no,no,no,yes,no,no,no,220
91,M,no,no,no,no,yes,no,no,no,no,521
91,M,no,no,no,yes,no,no,no,no,no,71
91,M,no,no,yes,no,no,no,no,no,no,95
91,M,no,yes,no,no,no,no,no,no,no,120
91,M,no,no,no,no,no,no,no,no,yes,145
91,M,no,no,no,no,no,no,no,yes,yes,320
91,M,no,no,no,no,no,no,yes,yes,yes,400
91,M,no,no,no,no,no,yes,yes,yes,yes,470
91,M,no,no,no,no,yes,yes,yes,yes,yes,670
91,M,no,no,no,yes,yes,yes,yes,yes,yes,690
91,M,no,no,yes,yes,yes,yes,yes,yes,yes,740
91,M,no,yes,yes,yes,yes,yes,yes,yes,yes,1644
91,M,no,no,no,yes,yes,no,no,no,no,570
91,M,no,no,no,yes,yes,yes,no,no,yes,590
91,M,no,no,yes,yes,yes,yes,no,no,yes,740
91,M,no,yes,yes,yes,yes,yes,no,yes,no,670
91,F,yes,yes,no,no,no,no,no,no,no,184
91,F,yes,yes,yes,no,no,no,no,no,no,199
91,F,yes,yes,yes,no,no,no,no,no,yes,570
91,F,no,no,no,no,no,no,no,no,yes,450
91,F,no,no,yes,no,no,no,no,no,no,93
91,F,no,yes,no,no,no,no,no,no,no,124
91,F,no,no,no,no,no,no,no,no,yes,771
91,F,no,no,no,no,no,no,no,yes,no,108
91,F,no,no,no,no,no,no,yes,no,no,240
91,F,no,no,no,no,no,yes,no,no,no,220
91,F,no,no,no,no,yes,no,no,no,no,521
91,F,no,no,no,yes,no,no,no,no,no,71
91,F,no,no,yes,no,no,no,no,no,no,95
91,F,no,yes,no,no,no,no,no,no,no,120
91,F,no,no,no,no,no,no,no,no,yes,145
91,F,no,no,no,no,no,no,no,yes,yes,320
91,F,no,no,no,no,no,no,yes,yes,yes,400
91,F,no,no,no,no,no,yes,yes,yes,yes,470
91,F,no,no,no,no,yes,yes,yes,yes,yes,670
91,F,no,no,no,yes,yes,yes,yes,yes,yes,690
91,F,no,no,yes,yes,yes,yes,yes,yes,yes,1477
91,F,no,yes,yes,yes,yes,yes,yes,yes,yes,1620
91,F,no,no,no,yes,yes,no,no,no,no,570
91,F,no,no,no,yes,yes,yes,no,no,yes,590
91,F,no,no,yes,yes,yes,yes,no,no,yes,740
91,F,no,yes,yes,yes,yes,yes,no,yes,no,670
71,M,yes,yes,no,no,no,no,no,no,no,184
51,M,yes,yes,yes,no,no,no,no,no,no,199
52,M,yes,yes,yes,no,no,no,no,no,yes,570
53,M,no,no,no,no,no,no,no,no,yes,450
54,M,no,no,yes,no,no,no,no,no,no,93
55,M,no,yes,no,no,no,no,no,no,no,124
56,M,no,no,no,no,no,no,no,no,yes,145
57,M,no,no,no,no,no,no,no,yes,no,108
58,M,no,no,no,no,no,no,yes,no,no,240
59,M,no,no,no,no,no,yes,no,no,no,220
60,M,no,no,no,no,yes,no,no,no,no,521
61,M,no,no,no,yes,no,no,no,no,no,71
62,M,no,no,yes,no,no,no,no,no,no,95
63,M,no,yes,no,no,no,no,no,no,no,120
64,M,no,no,no,no,no,no,no,no,yes,145
65,M,no,no,no,no,no,no,no,yes,yes,320
66,M,no,no,no,no,no,no,yes,yes,yes,400
67,M,no,no,no,no,no,yes,yes,yes,yes,470
68,M,no,no,no,no,yes,yes,yes,yes,yes,670
69,M,no,no,no,yes,yes,yes,yes,yes,yes,690
70,M,no,no,yes,yes,yes,yes,yes,yes,yes,740
71,M,no,yes,yes,yes,yes,yes,yes,yes,yes,1250
72,M,no,no,no,yes,yes,no,no,no,no,570
73,M,no,no,no,yes,yes,yes,no,no,yes,590
74,M,no,no,yes,yes,yes,yes,no,no,yes,740
75,M,no,yes,yes,yes,yes,yes,no,yes,no,670
76,F,yes,yes,no,no,no,no,no,no,no,184
77,F,yes,yes,yes,no,no,no,no,no,no,199
78,F,yes,yes,yes,no,no,no,no,no,yes,570
79,F,no,no,no,no,no,no,no,no,yes,450
80,F,no,no,yes,no,no,no,no,no,no,93
81,F,no,yes,no,no,no,no,no,no,no,124
82,F,no,no,no,no,no,no,no,no,yes,145
83,F,no,no,no,no,no,no,no,yes,no,108
84,F,no,no,no,no,no,no,yes,no,no,240
85,F,no,no,no,no,no,yes,no,no,no,220
86,F,no,no,no,no,yes,no,no,no,no,521
87,F,no,no,no,yes,no,no,no,no,no,71
88,F,no,no,yes,no,no,no,no,no,no,95
89,F,no,yes,no,no,no,no,no,no,no,120
90,F,no,no,no,no,no,no,no,no,yes,145
81,F,no,no,no,no,no,no,no,yes,yes,320
82,F,no,no,no,no,no,no,yes,yes,yes,400
83,F,no,no,no,no,no,yes,yes,yes,yes,470
84,F,no,no,no,no,yes,yes,yes,yes,yes,670
85,F,no,no,no,yes,yes,yes,yes,yes,yes,690
86,F,no,no,yes,yes,yes,yes,yes,yes,yes,1241
87,F,no,yes,yes,yes,yes,yes,yes,yes,yes,1472
88,F,no,no,no,yes,yes,no,no,no,no,570
89,F,no,no,no,yes,yes,yes,no,no,yes,590
90,F,no,no,yes,yes,yes,yes,no,no,yes,740
91,F,no,yes,yes,yes,yes,yes,no,yes,no,670
41,M,yes,yes,no,no,no,no,no,no,no,174
42,M,yes,yes,yes,no,no,no,no,no,no,189
43,M,yes,yes,yes,no,no,no,no,no,yes,560
44,M,no,no,no,no,no,no,no,no,yes,440
45,M,no,no,yes,no,no,no,no,no,no,83
46,M,no,yes,no,no,no,no,no,no,no,114
47,M,no,no,no,no,no,no,no,no,yes,135
48,M,no,no,no,no,no,no,no,yes,no,98
49,M,no,no,no,no,no,no,yes,no,no,230
50,M,no,no,no,no,no,yes,no,no,no,210
51,M,no,no,no,no,yes,no,no,no,no,511
52,M,no,no,no,yes,no,no,no,no,no,61
53,M,no,no,yes,no,no,no,no,no,no,85
54,M,no,yes,no,no,no,no,no,no,no,110
55,M,no,no,no,no,no,no,no,no,yes,135
56,M,no,no,no,no,no,no,no,yes,yes,310
57,M,no,no,no,no,no,no,yes,yes,yes,390
58,M,no,no,no,no,no,yes,yes,yes,yes,460
59,M,no,no,no,no,yes,yes,yes,yes,yes,660
60,M,no,no,no,yes,yes,yes,yes,yes,yes,680
61,M,no,no,yes,yes,yes,yes,yes,yes,yes,730
62,M,no,yes,yes,yes,yes,yes,yes,yes,yes,988
63,M,no,no,no,yes,yes,no,no,no,no,560
64,M,no,no,no,yes,yes,yes,no,no,yes,580
65,M,no,no,yes,yes,yes,yes,no,no,yes,730
66,M,no,yes,yes,yes,yes,yes,no,yes,no,660
41,F,yes,yes,no,no,no,no,no,no,no,184
42,F,yes,yes,yes,no,no,no,no,no,no,199
43,F,yes,yes,yes,no,no,no,no,no,yes,570
44,F,no,no,no,no,no,no,no,no,yes,450
45,F,no,no,yes,no,no,no,no,no,no,93
46,F,no,yes,no,no,no,no,no,no,no,124
47,F,no,no,no,no,no,no,no,no,yes,145
48,F,no,no,no,no,no,no,no,yes,no,108
49,F,no,no,no,no,no,no,yes,no,no,240
50,F,no,no,no,no,no,yes,no,no,no,220
51,F,no,no,no,no,yes,no,no,no,no,521
52,F,no,no,no,yes,no,no,no,no,no,71
53,F,no,no,yes,no,no,no,no,no,no,95
54,F,no,yes,no,no,no,no,no,no,no,120
55,F,no,no,no,no,no,no,no,no,yes,145
56,F,no,no,no,no,no,no,no,yes,yes,320
57,F,no,no,no,no,no,no,yes,yes,yes,400
58,F,no,no,no,no,no,yes,yes,yes,yes,470
59,F,no,no,no,no,yes,yes,yes,yes,yes,670
60,F,no,no,no,yes,yes,yes,yes,yes,yes,690
61,F,no,no,yes,yes,yes,yes,yes,yes,yes,740
62,F,no,yes,yes,yes,yes,yes,yes,yes,yes,1017
63,F,no,no,no,yes,yes,no,no,no,no,570
64,F,no,no,no,yes,yes,yes,no,no,yes,590
65,F,no,no,yes,yes,yes,yes,no,no,yes,740
66,F,no,yes,yes,yes,yes,yes,no,yes,no,670
55,M,no,no,no,yes,yes,no,no,no,no,449
55,M,no,no,no,yes,yes,no,no,no,no,450
56,M,no,no,no,yes,yes,no,no,no,no,450
57,M,no,no,no,yes,yes,no,no,no,no,450
58,M,no,no,no,yes,yes,no,no,no,no,450
59,M,no,no,no,yes,yes,no,no,no,no,450
60,M,no,no,no,yes,yes,no,no,no,no,450
61,M,no,no,no,yes,yes,no,no,no,no,450
62,M,no,no,no,yes,yes,no,no,no,no,450
63,M,no,no,no,yes,yes,no,no,no,no,450
64,M,no,no,no,yes,yes,no,no,no,no,550
65,M,no,no,no,yes,yes,no,no,no,no,550
66,M,no,no,no,yes,yes,no,no,no,no,550
67,M,no,no,no,yes,yes,no,no,no,no,550
68,M,no,no,no,yes,yes,no,no,no,no,550
69,M,no,no,no,yes,yes,no,no,no,no,550
70,M,no,no,no,yes,yes,no,no,no,no,550
71,M,no,no,no,yes,yes,no,no,no,no,610
72,M,no,no,no,yes,yes,no,no,no,no,611
73,M,no,no,no,yes,yes,no,no,no,no,612
74,M,no,no,no,yes,yes,no,no,no,no,613
75,M,no,no,no,yes,yes,no,no,no,no,614
76,M,no,no,no,yes,yes,no,no,no,no,615
77,M,no,no,no,yes,yes,no,no,no,no,616
78,M,no,no,no,yes,yes,no,no,no,no,617
79,M,no,no,no,yes,yes,no,no,no,no,618
80,M,no,no,no,yes,yes,no,no,no,no,619
81,M,no,no,no,yes,yes,no,no,no,no,620
82,M,no,no,no,yes,yes,no,no,no,no,621
83,M,no,no,no,yes,yes,no,no,no,no,622
84,M,no,no,no,yes,yes,no,no,no,no,623
85,M,no,no,no,yes,yes,no,no,no,no,624
86,M,no,no,no,yes,yes,no,no,no,no,625
87,M,no,no,no,yes,yes,no,no,no,no,626
88,M,no,no,no,yes,yes,no,no,no,no,627
89,M,no,no,no,yes,yes,no,no,no,no,628
90,M,no,no,no,yes,yes,no,no,no,no,629
80,F,no,no,no,yes,yes,no,no,no,no,619
81,F,no,no,no,yes,yes,no,no,no,no,620
82,F,no,no,no,yes,yes,no,no,no,no,621
83,F,no,no,no,yes,yes,no,no,no,no,622
84,F,no,no,no,yes,yes,no,no,no,no,623
85,F,no,no,no,yes,yes,no,no,no,no,624
86,F,no,no,no,yes,yes,no,no,no,no,625
87,F,no,no,no,yes,yes,no,no,no,no,626
88,F,no,no,no,yes,yes,no,no,no,no,627
89,F,no,no,no,yes,yes,no,no,no,no,628
90,F,no,no,no,yes,yes,no,no,no,no,629
35,M,yes,no,no,no,no,no,no,no,yes,250
36,M,yes,no,no,no,no,no,no,no,yes,251
37,M,yes,no,no,no,no,no,no,no,yes,252
38,M,yes,no,no,no,no,no,no,no,yes,253
39,M,yes,no,no,no,no,no,no,no,yes,254
40,F,yes,no,no,no,no,no,no,no,yes,255
41,F,yes,no,no,no,no,no,no,no,yes,256
42,F,yes,no,no,no,no,no,no,no,yes,257
43,F,yes,no,no,no,no,no,no,no,yes,258
44,F,yes,no,no,no,no,no,no,no,yes,259
45,F,yes,no,no,no,no,no,no,no,yes,260
35,M,no,no,no,no,no,no,no,yes,yes,170
36,M,no,no,no,no,no,no,no,yes,yes,171
37,M,no,no,no,no,no,no,no,yes,yes,172
38,M,no,no,no,no,no,no,no,yes,yes,173
39,M,no,no,no,no,no,no,no,yes,yes,174
40,F,no,no,no,no,no,no,no,yes,yes,175
41,F,no,no,no,no,no,no,no,yes,yes,176
42,F,no,no,no,no,no,no,no,yes,yes,177
43,F,no,no,no,no,no,no,no,yes,yes,178
44,F,no,no,no,no,no,no,no,yes,yes,179
45,F,no,no,no,no,no,no,no,yes,yes,180
46,M,no,no,no,no,no,no,yes,no,yes,250
47,M,no,no,no,no,no,no,yes,no,yes,251
48,M,no,no,no,no,no,no,yes,no,yes,252
49,M,no,no,no,no,no,no,yes,no,yes,253
50,M,no,no,no,no,no,no,yes,no,yes,254
51,F,no,no,no,no,no,no,yes,no,yes,255
52,F,no,no,no,no,no,no,yes,no,yes,256
53,F,no,no,no,no,no,no,yes,no,yes,257
54,F,no,no,no,no,no,no,yes,no,yes,258
55,F,no,no,no,no,no,no,yes,no,yes,259
35,M,no,no,no,no,yes,no,yes,no,yes,255
36,M,no,no,no,no,no,no,yes,no,yes,255
37,F,no,no,no,no,no,yes,no,no,yes,300
38,F,no,no,no,no,no,yes,no,no,yes,310
39,F,no,no,no,no,no,yes,no,no,yes,315
40,F,no,no,no,no,no,yes,no,no,yes,320
41,F,no,no,no,no,no,yes,no,no,yes,330
42,F,no,no,no,no,no,yes,no,no,yes,331
43,F,no,no,no,no,no,yes,no,no,yes,332
44,F,no,no,no,no,no,yes,no,no,yes,341
45,F,no,no,no,no,no,yes,no,no,yes,311
67,M,no,no,no,yes,no,no,no,no,no,75
78,M,no,no,no,yes,no,no,no,no,no,76
89,F,no,no,no,yes,no,no,no,no,no,77
90,F,no,NA,no,yes,no,no,no,no,no,78
21,M,yes,no,no,no,no,no,no,no,no,61
22,F,no,yes,no,no,no,no,no,no,no,90
23,M,no,no,yes,no,no,no,no,no,no,72
24,F,no,no,no,yes,no,no,no,no,no,55
25,M,no,no,no,no,yes,no,no,no,no,450
26,F,no,no,no,no,no,yes,no,no,no,200
27,M,no,no,no,no,no,no,yes,no,no,250
28,F,no,no,no,no,no,no,no,yes,no,90
29,M,no,no,no,no,no,no,no,no,yes,105
30,F,no,no,no,no,no,no,no,no,yes,120
45,M,no,no,no,no,no,no,no,yes,no,90
55,F,no,no,no,no,no,no,yes,no,no,250
65,M,no,no,no,no,no,yes,no,no,no,200
75,F,no,no,no,no,yes,no,no,no,no,450
